Workbook

Sheet copy of data
A1: Person | B1: Age | C1: Gender | D1: Own Home | E1: Married | F1: Close | G1: Salary | H1: Children | I1: History | J1: Catalogs | K1: Region | L1: State | M1: City | N1: First Purchase | O1: Amount Spent
A2: 1 | B2: 1 | C2: 0 | D2: 0 | E2: 0 | F2: 1 | G2: 16400 | H2: 1 | I2: 1 | J2: 12 | K2: South | L2: Florida | M2: Orlando | N2: 39744 | O2: 218
A3: 2 | B3: 2 | C3: 0 | D3: 1 | E3: 1 | F3: 0 | G3: 108100 | H3: 3 | I3: 3 | J3: 18 | K3: Midwest | L3: Illinois | M3: Chicago | N3: 38862 | O3: 2632
A4: 3 | B4: 2 | C4: 1 | D4: 1 | E4: 1 | F4: 1 | G4: 97300 | H4: 1 | I4: NA | J4: 12 | K4: South | L4: Florida | M4: Orlando | N4: 41139 | O4: 3048
A5: 4 | B5: 3 | C5: 1 | D5: 1 | E5: 1 | F5: 1 | G5: 26800 | H5: 0 | I5: 1 | J5: 12 | K5: East | L5: Ohio | M5: Cleveland | N5: 40173 | O5: 435
A6: 5 | B6: 1 | C6: 1 | D6: 0 | E6: 0 | F6: 1 | G6: 11200 | H6: 0 | I6: NA | J6: 6 | K6: Midwest | L6: Illinois | M6: Chicago | N6: 41125 | O6: 106
A7: 6 | B7: 2 | C7: 0 | D7: 0 | E7: 0 | F7: 1 | G7: 42800 | H7: 0 | I7: 2 | J7: 12 | K7: West | L7: Arizona | M7: Phoenix | N7: 40241 | O7: 759
A8: 7 | B8: 2 | C8: 0 | D8: 0 | E8: 0 | F8: 1 | G8: 34700 | H8: 0 | I8: NA | J8: 18 | K8: Midwest | L8: Kansas | M8: Kansas City | N8: 41071 | O8: 1615
A9: 8 | B9: 3 | C9: 0 | D9: 1 | E9: 1 | F9: 0 | G9: 80000 | H9: 0 | I9: 3 | J9: 6 | K9: West | L9: California | M9: San Francisco | N9: 38946 | O9: 1985
A10: 9 | B10: 2 | C10: 1 | D10: 1 | E10: 0 | F10: 1 | G10: 60300 | H10: 0 | I10: NA | J10: 24 | K10: Midwest | L10: Illinois | M10: Chicago | N10: 41058 | O10: 2091
A11: 10 | B11: 3 | C11: 1 | D11: 1 | E11: 1 | F11: 0 | G11: 62300 | H11: 0 | I11: 3 | J11: 24 | K11: South | L11: Florida | M11: Orlando | N11: 39608 | O11: 2644
A12: 11 | B12: 2 | C12: 1 | D12: 0 | E12: 1 | F12: 1 | G12: 94200 | H12: 1 | I12: 3 | J12: 18 | K12: East | L12: New York | M12: Buffalo | N12: 39565 | O12: 1211
A13: 12 | B13: 2 | C13: 1 | D13: 1 | E13: 1 | F13: 0 | G13: 73800 | H13: 0 | I13: 3 | J13: 24 | K13: West | L13: Utah | M13: Salt Lake City | N13: 39673 | O13: 3120
A14: 13 | B14: 2 | C14: 1 | D14: 1 | E14: 0 | F14: 1 | G14: 45900 | H14: 2 | I14: 1 | J14: 12 | K14: South | L14: Louisiana | M14: New Orleans | N14: 39601 | O14: 416
A15: 14 | B15: 2 | C15: 1 | D15: 0 | E15: 0 | F15: 0 | G15: 52600 | H15: 1 | I15: NA | J15: 18 | K15: East | L15: New York | M15: Buffalo | N15: 41007 | O15: 1773
A16: 15 | B16: 2 | C16: 0 | D16: 1 | E16: 1 | F16: 1 | G16: 82200 | H16: 1 | I16: NA | J16: 12 | K16: West | L16: California | M16: Los Angeles | N16: 41014 | O16: 1517
A17: 16 | B17: 2 | C17: 0 | D17: 1 | E17: 1 | F17: 1 | G17: 76700 | H17: 2 | I17: 2 | J17: 6 | K17: East | L17: Pennsylvania | M17: Philadelphia | N17: 40022 | O17: 534
A18: 17 | B18: 2 | C18: 0 | D18: 1 | E18: 1 | F18: 1 | G18: 79400 | H18: 3 | I18: 1 | J18: 6 | K18: South | L18: Tennessee | M18: Memphis | N18: 40969 | O18: 200
A19: 18 | B19: 2 | C19: 1 | D19: 1 | E19: 1 | F19: 1 | G19: 66900 | H19: 0 | I19: 3 | J19: 12 | K19: West | L19: Washington | M19: Seattle | N19: 38849 | O19: 1220
A20: 19 | B20: 1 | C20: 0 | D20: 0 | E20: 0 | F20: 1 | G20: 12400 | H20: 1 | I20: NA | J20: 12 | K20: South | L20: Florida | M20: Miami | N20: 41022 | O20: 229
A21: 20 | B21: 1 | C21: 1 | D21: 0 | E21: 1 | F21: 1 | G21: 52600 | H21: 1 | I21: 2 | J21: 12 | K21: South | L21: Louisiana | M21: New Orleans | N21: 39596 | O21: 1052
A22: 21 | B22: 3 | C22: 0 | D22: 1 | E22: 0 | F22: 0 | G22: 28300 | H22: 0 | I22: 2 | J22: 24 | K22: Midwest | L22: Missouri | M22: St. Louis | N22: 39016 | O22: 933
A23: 22 | B23: 2 | C23: 1 | D23: 1 | E23: 0 | F23: 0 | G23: 53900 | H23: 0 | I23: NA | J23: 12 | K23: South | L23: Texas | M23: Houston | N23: 40938 | O23: 1186
A24: 23 | B24: 3 | C24: 0 | D24: 0 | E24: 0 | F24: 1 | G24: 28900 | H24: 0 | I24: 1 | J24: 12 | K24: South | L24: Tennessee | M24: Memphis | N24: 39456 | O24: 830
A25: 24 | B25: 1 | C25: 0 | D25: 0 | E25: 0 | F25: 1 | G25: 15900 | H25: 0 | I25: NA | J25: 18 | K25: East | L25: Ohio | M25: Cleveland | N25: 41073 | O25: 406
A26: 25 | B26: 2 | C26: 1 | D26: 0 | E26: 0 | F26: 1 | G26: 50700 | H26: 3 | I26: 1 | J26: 6 | K26: Midwest | L26: Ohio | M26: Cincinnati | N26: 40688 | O26: 157
A27: 26 | B27: 1 | C27: 1 | D27: 0 | E27: 0 | F27: 0 | G27: 17800 | H27: 1 | I27: NA | J27: 18 | K27: South | L27: Florida | M27: Miami | N27: 41048 | O27: 589
A28: 27 | B28: 2 | C28: 0 | D28: 1 | E28: 0 | F28: 1 | G28: 51300 | H28: 0 | I28: 2 | J28: 24 | K28: West | L28: California | M28: Los Angeles | N28: 40903 | O28: 1424
A29: 28 | B29: 3 | C29: 0 | D29: 1 | E29: 1 | F29: 1 | G29: 74400 | H29: 0 | I29: 3 | J29: 18 | K29: East | L29: New York | M29: Buffalo | N29: 39239 | O29: 2479
A30: 29 | B30: 2 | C30: 0 | D30: 1 | E30: 1 | F30: 1 | G30: 88200 | H30: 0 | I30: NA | J30: 24 | K30: South | L30: Florida | M30: Miami | N30: 40978 | O30: 2749
A31: 30 | B31: 2 | C31: 1 | D31: 1 | E31: 1 | F31: 0 | G31: 79000 | H31: 1 | I31: 3 | J31: 18 | K31: East | L31: Massachusetts | M31: Boston | N31: 40271 | O31: 2279
A32: 31 | B32: 2 | C32: 0 | D32: 1 | E32: 0 | F32: 0 | G32: 55200 | H32: 0 | I32: 3 | J32: 18 | K32: East | L32: New York | M32: New York | N32: 39326 | O32: 1714
A33: 32 | B33: 2 | C33: 1 | D33: 1 | E33: 1 | F33: 1 | G33: 95800 | H33: 3 | I33: 1 | J33: 12 | K33: Midwest | L33: Missouri | M33: St. Louis | N33: 40210 | O33: 678
A34: 33 | B34: 1 | C34: 0 | D34: 0 | E34: 0 | F34: 0 | G34: 13700 | H34: 2 | I34: NA | J34: 24 | K34: West | L34: Arizona | M34: Phoenix | N34: 41115 | O34: 414
A35: 34 | B35: 2 | C35: 0 | D35: 1 | E35: 0 | F35: 1 | G35: 41300 | H35: 1 | I35: NA | J35: 18 | K35: East | L35: New York | M35: New York | N35: 41080 | O35: 932
A36: 35 | B36: 2 | C36: 1 | D36: 1 | E36: 0 | F36: 0 | G36: 65400 | H36: 1 | I36: 3 | J36: 12 | K36: South | L36: Florida | M36: Orlando | N36: 39564 | O36: 2290
A37: 36 | B37: 1 | C37: 0 | D37: 1 | E37: 0 | F37: 0 | G37: 29600 | H37: 3 | I37: NA | J37: 12 | K37: East | L37: Ohio | M37: Cleveland | N37: 41059 | O37: 774
A38: 37 | B38: 1 | C38: 1 | D38: 0 | E38: 1 | F38: 1 | G38: 49800 | H38: 0 | I38: 2 | J38: 12 | K38: Midwest | L38: Ohio | M38: Cincinnati | N38: 40641 | O38: 827
A39: 38 | B39: 2 | C39: 1 | D39: 1 | E39: 0 | F39: 1 | G39: 73700 | H39: 1 | I39: 2 | J39: 12 | K39: South | L39: Texas | M39: Houston | N39: 40405 | O39: 1274
A40: 39 | B40: 3 | C40: 0 | D40: 1 | E40: 0 | F40: 1 | G40: 39900 | H40: 0 | I40: NA | J40: 6 | K40: East | L40: New York | M40: New York | N40: 40938 | O40: 619
A41: 40 | B41: 1 | C41: 0 | D41: 0 | E41: 1 | F41: 1 | G41: 36600 | H41: 0 | I41: 2 | J41: 6 | K41: East | L41: New York | M41: Buffalo | N41: 40025 | O41: 833
A42: 41 | B42: 3 | C42: 1 | D42: 1 | E42: 1 | F42: 1 | G42: 51200 | H42: 0 | I42: 2 | J42: 12 | K42: Midwest | L42: Kansas | M42: Kansas City | N42: 39811 | O42: 1293
A43: 42 | B43: 2 | C43: 1 | D43: 1 | E43: 0 | F43: 1 | G43: 59400 | H43: 0 | I43: 2 | J43: 18 | K43: West | L43: Utah | M43: Salt Lake City | N43: 40894 | O43: 1699
A44: 43 | B44: 2 | C44: 1 | D44: 1 | E44: 1 | F44: 1 | G44: 107300 | H44: 2 | I44: 2 | J44: 18 | K44: West | L44: Washington | M44: Seattle | N44: 39021 | O44: 1566
A45: 44 | B45: 2 | C45: 1 | D45: 1 | E45: 1 | F45: 0 | G45: 90700 | H45: 3 | I45: 3 | J45: 24 | K45: South | L45: Florida | M45: Miami | N45: 39580 | O45: 2265
A46: 45 | B46: 2 | C46: 1 | D46: 1 | E46: 1 | F46: 0 | G46: 74400 | H46: 0 | I46: 3 | J46: 6 | K46: West | L46: Arizona | M46: Phoenix | N46: 38756 | O46: 1893
A47: 46 | B47: 3 | C47: 1 | D47: 1 | E47: 1 | F47: 0 | G47: 15400 | H47: 0 | I47: 1 | J47: 6 | K47: South | L47: Tennessee | M47: Memphis | N47: 39015 | O47: 297
A48: 47 | B48: 1 | C48: 0 | D48: 0 | E48: 1 | F48: 1 | G48: 60100 | H48: 0 | I48: NA | J48: 18 | K48: Midwest | L48: Kansas | M48: Kansas City | N48: 41093 | O48: 1594
A49: 48 | B49: 2 | C49: 0 | D49: 1 | E49: 1 | F49: 1 | G49: 81700 | H49: 3 | I49: 1 | J49: 24 | K49: East | L49: Pennsylvania | M49: Philadelphia | N49: 39925 | O49: 879
A50: 49 | B50: 3 | C50: 0 | D50: 1 | E50: 0 | F50: 1 | G50: 36100 | H50: 0 | I50: 2 | J50: 12 | K50: South | L50: Florida | M50: Miami | N50: 39104 | O50: 438
A51: 50 | B51: 2 | C51: 0 | D51: 0 | E51: 0 | F51: 1 | G51: 47000 | H51: 0 | I51: NA | J51: 6 | K51: East | L51: Pennsylvania | M51: Philadelphia | N51: 41113 | O51: 963
A52: 51 | B52: 2 | C52: 0 | D52: 0 | E52: 0 | F52: 1 | G52: 28200 | H52: 1 | I52: 1 | J52: 6 | K52: East | L52: Pennsylvania | M52: Philadelphia | N52: 40471 | O52: 224
A53: 52 | B53: 2 | C53: 1 | D53: 1 | E53: 0 | F53: 1 | G53: 56700 | H53: 2 | I53: 1 | J53: 18 | K53: East | L53: Massachusetts | M53: Boston | N53: 38735 | O53: 536
A54: 53 | B54: 1 | C54: 0 | D54: 0 | E54: 0 | F54: 0 | G54: 12600 | H54: 0 | I54: 1 | J54: 6 | K54: Midwest | L54: Kentucky | M54: Louisville | N54: 39735 | O54: 241
A55: 54 | B55: 3 | C55: 0 | D55: 1 | E55: 1 | F55: 1 | G55: 21500 | H55: 0 | I55: 1 | J55: 18 | K55: East | L55: New York | M55: New York | N55: 39773 | O55: 445
A56: 55 | B56: 2 | C56: 1 | D56: 1 | E56: 1 | F56: 0 | G56: 96800 | H56: 2 | I56: 3 | J56: 18 | K56: Midwest | L56: Illinois | M56: Chicago | N56: 39090 | O56: 2299
A57: 56 | B57: 3 | C57: 0 | D57: 1 | E57: 0 | F57: 0 | G57: 22000 | H57: 0 | I57: 2 | J57: 12 | K57: East | L57: Massachusetts | M57: Boston | N57: 39025 | O57: 736
A58: 57 | B58: 2 | C58: 1 | D58: 1 | E58: 0 | F58: 1 | G58: 57600 | H58: 1 | I58: NA | J58: 6 | K58: South | L58: Texas | M58: Houston | N58: 41048 | O58: 1006
A59: 58 | B59: 3 | C59: 1 | D59: 1 | E59: 0 | F59: 1 | G59: 65300 | H59: 0 | I59: 3 | J59: 18 | K59: West | L59: California | M59: Los Angeles | N59: 39853 | O59: 1443
A60: 59 | B60: 2 | C60: 0 | D60: 1 | E60: 1 | F60: 1 | G60: 63300 | H60: 2 | I60: 2 | J60: 24 | K60: South | L60: Texas | M60: Houston | N60: 38857 | O60: 679
A61: 60 | B61: 3 | C61: 0 | D61: 0 | E61: 1 | F61: 1 | G61: 38200 | H61: 0 | I61: 2 | J61: 6 | K61: Midwest | L61: Indiana | M61: Indianapolis | N61: 40542 | O61: 526
A62: 61 | B62: 1 | C62: 0 | D62: 0 | E62: 0 | F62: 1 | G62: 11000 | H62: 2 | I62: NA | J62: 18 | K62: East | L62: Pennsylvania | M62: Philadelphia | N62: 41040 | O62: 393
A63: 62 | B63: 3 | C63: 0 | D63: 1 | E63: 0 | F63: 0 | G63: 24000 | H63: 1 | I63: 1 | J63: 6 | K63: East | L63: Ohio | M63: Cleveland | N63: 39002 | O63: 357
A64: 63 | B64: 2 | C64: 0 | D64: 1 | E64: 0 | F64: 1 | G64: 47600 | H64: 1 | I64: 2 | J64: 12 | K64: Midwest | L64: Kansas | M64: Kansas City | N64: 39750 | O64: 801
A65: 64 | B65: 2 | C65: 1 | D65: 1 | E65: 1 | F65: 1 | G65: 87000 | H65: 0 | I65: 3 | J65: 24 | K65: East | L65: Ohio | M65: Cleveland | N65: 40299 | O65: 1594
A66: 65 | B66: 2 | C66: 1 | D66: 0 | E66: 1 | F66: 1 | G66: 117700 | H66: 1 | I66: 3 | J66: 12 | K66: West | L66: Colorado | M66: Denver | N66: 38861 | O66: 2104
A67: 66 | B67: 1 | C67: 0 | D67: 0 | E67: 1 | F67: 0 | G67: 30100 | H67: 0 | I67: 2 | J67: 12 | K67: East | L67: Ohio | M67: Cleveland | N67: 40098 | O67: 530
A68: 67 | B68: 3 | C68: 0 | D68: 1 | E68: 0 | F68: 1 | G68: 12800 | H68: 0 | I68: NA | J68: 12 | K68: South | L68: Louisiana | M68: New Orleans | N68: 40962 | O68: 230
A69: 68 | B69: 2 | C69: 1 | D69: 1 | E69: 0 | F69: 1 | G69: 63200 | H69: 0 | I69: 3 | J69: 24 | K69: South | L69: Florida | M69: Miami | N69: 38736 | O69: 1932
A70: 69 | B70: 1 | C70: 1 | D70: 0 | E70: 1 | F70: 0 | G70: 41600 | H70: 0 | I70: 3 | J70: 24 | K70: East | L70: Pennsylvania | M70: Pittsburgh | N70: 39935 | O70: 1690
A71: 70 | B71: 2 | C71: 1 | D71: 1 | E71: 1 | F71: 0 | G71: 75500 | H71: 0 | I71: NA | J71: 18 | K71: West | L71: California | M71: Los Angeles | N71: 41092 | O71: 2450
A72: 71 | B72: 3 | C72: 0 | D72: 1 | E72: 1 | F72: 1 | G72: 74900 | H72: 0 | I72: 3 | J72: 12 | K72: West | L72: Arizona | M72: Phoenix | N72: 40555 | O72: 1474
A73: 72 | B73: 2 | C73: 1 | D73: 0 | E73: 1 | F73: 0 | G73: 72200 | H73: 3 | I73: 2 | J73: 18 | K73: East | L73: New York | M73: Buffalo | N73: 40606 | O73: 1811
A74: 73 | B74: 1 | C74: 0 | D74: 0 | E74: 1 | F74: 1 | G74: 36500 | H74: 1 | I74: NA | J74: 18 | K74: West | L74: California | M74: San Francisco | N74: 41046 | O74: 747
A75: 74 | B75: 2 | C75: 0 | D75: 0 | E75: 1 | F75: 1 | G75: 73000 | H75: 1 | I75: 2 | J75: 6 | K75: South | L75: Florida | M75: Miami | N75: 39160 | O75: 490
A76: 75 | B76: 3 | C76: 0 | D76: 0 | E76: 0 | F76: 0 | G76: 15100 | H76: 0 | I76: 1 | J76: 6 | K76: Midwest | L76: Illinois | M76: Chicago | N76: 40623 | O76: 348
A77: 76 | B77: 1 | C77: 0 | D77: 0 | E77: 0 | F77: 0 | G77: 19800 | H77: 1 | I77: 1 | J77: 24 | K77: West | L77: Utah | M77: Salt Lake City | N77: 40562 | O77: 991
A78: 77 | B78: 2 | C78: 1 | D78: 1 | E78: 0 | F78: 1 | G78: 64000 | H78: 3 | I78: 1 | J78: 12 | K78: East | L78: Pennsylvania | M78: Philadelphia | N78: 39350 | O78: 410
A79: 78 | B79: 1 | C79: 0 | D79: 0 | E79: 1 | F79: 1 | G79: 79400 | H79: 0 | I79: NA | J79: 6 | K79: East | L79: Massachusetts | M79: Boston | N79: 41030 | O79: 1175
A80: 79 | B80: 2 | C80: 0 | D80: 1 | E80: 1 | F80: 1 | G80: 82000 | H80: 0 | I80: 3 | J80: 18 | K80: West | L80: California | M80: Los Angeles | N80: 40353 | O80: 1800
A81: 80 | B81: 2 | C81: 0 | D81: 0 | E81: 1 | F81: 1 | G81: 63500 | H81: 1 | I81: 2 | J81: 18 | K81: West | L81: California | M81: Los Angeles | N81: 39677 | O81: 1023
A82: 81 | B82: 3 | C82: 0 | D82: 1 | E82: 1 | F82: 1 | G82: 118000 | H82: 3 | I82: 1 | J82: 12 | K82: South | L82: Louisiana | M82: New Orleans | N82: 40916 | O82: 581
A83: 82 | B83: 1 | C83: 0 | D83: 0 | E83: 0 | F83: 1 | G83: 13300 | H83: 1 | I83: NA | J83: 6 | K83: East | L83: Pennsylvania | M83: Pittsburgh | N83: 41049 | O83: 236
A84: 83 | B84: 2 | C84: 1 | D84: 0 | E84: 0 | F84: 0 | G84: 45100 | H84: 1 | I84: 2 | J84: 12 | K84: South | L84: Texas | M84: Houston | N84: 40998 | O84: 794
A85: 84 | B85: 3 | C85: 1 | D85: 1 | E85: 1 | F85: 1 | G85: 45900 | H85: 0 | I85: 2 | J85: 24 | K85: South | L85: Tennessee | M85: Memphis | N85: 39473 | O85: 1645
A86: 85 | B86: 2 | C86: 0 | D86: 1 | E86: 0 | F86: 1 | G86: 43900 | H86: 2 | I86: 1 | J86: 6 | K86: West | L86: Colorado | M86: Denver | N86: 39552 | O86: 358
A87: 86 | B87: 3 | C87: 0 | D87: 1 | E87: 1 | F87: 0 | G87: 110000 | H87: 0 | I87: 3 | J87: 24 | K87: East | L87: Ohio | M87: Cleveland | N87: 39356 | O87: 5564
A88: 87 | B88: 2 | C88: 1 | D88: 0 | E88: 0 | F88: 1 | G88: 63000 | H88: 0 | I88: 3 | J88: 24 | K88: East | L88: Ohio | M88: Cleveland | N88: 39806 | O88: 1910
A89: 88 | B89: 2 | C89: 1 | D89: 0 | E89: 0 | F89: 1 | G89: 61800 | H89: 0 | I89: 3 | J89: 24 | K89: South | L89: Tennessee | M89: Memphis | N89: 40894 | O89: 1156
A90: 89 | B90: 2 | C90: 0 | D90: 0 | E90: 1 | F90: 1 | G90: 53300 | H90: 0 | I90: 2 | J90: 24 | K90: Midwest | L90: Ohio | M90: Cincinnati | N90: 41105 | O90: 1598
A91: 90 | B91: 1 | C91: 0 | D91: 0 | E91: 1 | F91: 1 | G91: 42000 | H91: 3 | I91: 1 | J91: 6 | K91: West | L91: Washington | M91: Seattle | N91: 39947 | O91: 105
A92: 91 | B92: 1 | C92: 0 | D92: 1 | E92: 0 | F92: 1 | G92: 25900 | H92: 2 | I92: NA | J92: 12 | K92: Midwest | L92: Illinois | M92: Chicago | N92: 40996 | O92: 449
A93: 92 | B93: 1 | C93: 1 | D93: 0 | E93: 1 | F93: 0 | G93: 20200 | H93: 1 | I93: 1 | J93: 24 | K93: East | L93: New York | M93: Buffalo | N93: 40161 | O93: 500
A94: 93 | B94: 2 | C94: 0 | D94: 0 | E94: 0 | F94: 1 | G94: 46600 | H94: 0 | I94: NA | J94: 12 | K94: South | L94: Texas | M94: Dallas | N94: 41003 | O94: 546
A95: 94 | B95: 1 | C95: 1 | D95: 0 | E95: 0 | F95: 1 | G95: 18700 | H95: 0 | I95: 1 | J95: 12 | K95: South | L95: Louisiana | M95: New Orleans | N95: 39928 | O95: 289
A96: 95 | B96: 3 | C96: 1 | D96: 1 | E96: 0 | F96: 1 | G96: 45700 | H96: 0 | I96: 2 | J96: 18 | K96: Midwest | L96: Missouri | M96: St. Louis | N96: 39817 | O96: 724
A97: 96 | B97: 1 | C97: 0 | D97: 1 | E97: 0 | F97: 1 | G97: 32600 | H97: 3 | I97: 1 | J97: 12 | K97: South | L97: Louisiana | M97: New Orleans | N97: 39897 | O97: 172
A98: 97 | B98: 2 | C98: 1 | D98: 1 | E98: 1 | F98: 1 | G98: 96100 | H98: 0 | I98: 3 | J98: 6 | K98: South | L98: Florida | M98: Miami | N98: 40695 | O98: 1588
A99: 98 | B99: 1 | C99: 0 | D99: 0 | E99: 0 | F99: 0 | G99: 14400 | H99: 1 | I99: 1 | J99: 6 | K99: East | L99: New York | M99: Buffalo | N99: 39276 | O99: 390
A100: 99 | B100: 2 | C100: 1 | D100: 0 | E100: 0 | F100: 1 | G100: 54200 | H100: 0 | I100: NA | J100: 18 | K100: South | L100: Florida | M100: Miami | N100: 40991 | O100: 1405
...

Sheet EditedData
A1: Person | B1: Age | C1: Gender | D1: Own Home | E1: Married | F1: MARRIED? | G1: Close | H1: Salary | I1: Salary Grade | J1: Children | K1: History | L1: Catalogs | M1: Region | N1: State | O1: City | P1: First Purchase | Q1: Amount Spent
A2: 625 | B2: 2 | C2: 0 | D2: 1 | E2: 1 | F2: =IF(E2=0,"NO", IF(E2=1,"YES")) -> YES | G2: 1 | H2: 63700 | I2: =VLOOKUP(H2,vlookup!$A$2:$B$5,2,TRUE) -> 2 | J2: 3 | K2: 1 | L2: 12 | M2: East | N2: Massachusetts | O2: Boston | P2: 38744 | Q2: 364
A3: 52 | B3: 2 | C3: 1 | D3: 1 | E3: 0 | F3: =IF(E3=0,"NO", IF(E3=1,"YES")) -> NO | G3: 1 | H3: 56700 | I3: =VLOOKUP(H3,vlookup!$A$2:$B$5,2,TRUE) -> 2 | J3: 2 | K3: 1 | L3: 18 | M3: East | N3: Massachusetts | O3: Boston | P3: 38735 | Q3: 536
A4: 159 | B4: 2 | C4: 1 | D4: 1 | E4: 1 | F4: =IF(E4=0,"NO", IF(E4=1,"YES")) -> YES | G4: 1 | H4: 63300 | I4: =VLOOKUP(H4,vlookup!$A$2:$B$5,2,TRUE) -> 2 | J4: 2 | K4: NA | L4: 6 | M4: East | N4: Massachusetts | O4: Boston | P4: 41005 | Q4: 633
A5: 30 | B5: 2 | C5: 1 | D5: 1 | E5: 1 | F5: =IF(E5=0,"NO", IF(E5=1,"YES")) -> YES | G5: 0 | H5: 79000 | I5: =VLOOKUP(H5,vlookup!$A$2:$B$5,2,TRUE) -> 2 | J5: 1 | K5: 3 | L5: 18 | M5: East | N5: Massachusetts | O5: Boston | P5: 40271 | Q5: 2279
A6: 209 | B6: 1 | C6: 0 | D6: 0 | E6: 1 | F6: =IF(E6=0,"NO", IF(E6=1,"YES")) -> YES | G6: 1 | H6: 61000 | I6: =VLOOKUP(H6,vlookup!$A$2:$B$5,2,TRUE) -> 2 | J6: 1 | K6: NA | L6: 18 | M6: East | N6: Massachusetts | O6: Boston | P6: 40954 | Q6: 1611
A7: 317 | B7: 3 | C7: 1 | D7: 0 | E7: 0 | F7: =IF(E7=0,"NO", IF(E7=1,"YES")) -> NO | G7: 1 | H7: 32400 | I7: =VLOOKUP(H7,vlookup!$A$2:$B$5,2,TRUE) -> 1 | J7: 1 | K7: 1 | L7: 12 | M7: East | N7: Massachusetts | O7: Boston | P7: 39742 | Q7: 515
A8: 346 | B8: 2 | C8: 0 | D8: 1 | E8: 1 | F8: =IF(E8=0,"NO", IF(E8=1,"YES")) -> YES | G8: 1 | H8: 70900 | I8: =VLOOKUP(H8,vlookup!$A$2:$B$5,2,TRUE) -> 2 | J8: 1 | K8: 2 | L8: 12 | M8: East | N8: Massachusetts | O8: Boston | P8: 39897 | Q8: 794
A9: 398 | B9: 2 | C9: 0 | D9: 1 | E9: 0 | F9: =IF(E9=0,"NO", IF(E9=1,"YES")) -> NO | G9: 1 | H9: 60200 | I9: =VLOOKUP(H9,vlookup!$A$2:$B$5,2,TRUE) -> 2 | J9: 1 | K9: NA | L9: 12 | M9: East | N9: Massachusetts | O9: Boston | P9: 40967 | Q9: 1748
A10: 485 | B10: 2 | C10: 1 | D10: 1 | E10: 1 | F10: =IF(E10=0,"NO", IF(E10=1,"YES")) -> YES | G10: 0 | H10: 77800 | I10: =VLOOKUP(H10,vlookup!$A$2:$B$5,2,TRUE) -> 2 | J10: 1 | K10: 3 | L10: 18 | M10: East | N10: Massachusetts | O10: Boston | P10: 38865 | Q10: 1813
A11: 557 | B11: 1 | C11: 0 | D11: 0 | E11: 0 | F11: =IF(E11=0,"NO", IF(E11=1,"YES")) -> NO | G11: 0 | H11: 21100 | I11: =VLOOKUP(H11,vlookup!$A$2:$B$5,2,TRUE) -> 1 | J11: 1 | K11: 1 | L11: 6 | M11: East | N11: Massachusetts | O11: Boston | P11: 39031 | Q11: 470
A12: 617 | B12: 2 | C12: 0 | D12: 1 | E12: 1 | F12: =IF(E12=0,"NO", IF(E12=1,"YES")) -> YES | G12: 1 | H12: 105300 | I12: =VLOOKUP(H12,vlookup!$A$2:$B$5,2,TRUE) -> 3 | J12: 1 | K12: NA | L12: 24 | M12: East | N12: Massachusetts | O12: Boston | P12: 40992 | Q12: 3360
A13: 698 | B13: 2 | C13: 1 | D13: 0 | E13: 0 | F13: =IF(E13=0,"NO", IF(E13=1,"YES")) -> NO | G13: 1 | H13: 53900 | I13: =VLOOKUP(H13,vlookup!$A$2:$B$5,2,TRUE) -> 2 | J13: 1 | K13: 2 | L13: 6 | M13: East | N13: Massachusetts | O13: Boston | P13: 40810 | Q13: 735
A14: 771 | B14: 2 | C14: 1 | D14: 1 | E14: 1 | F14: =IF(E14=0,"NO", IF(E14=1,"YES")) -> YES | G14: 1 | H14: 88700 | I14: =VLOOKUP(H14,vlookup!$A$2:$B$5,2,TRUE) -> 2 | J14: 1 | K14: NA | L14: 18 | M14: East | N14: Massachusetts | O14: Boston | P14: 40996 | Q14: 2448
A15: 828 | B15: 2 | C15: 0 | D15: 0 | E15: 1 | F15: =IF(E15=0,"NO", IF(E15=1,"YES")) -> YES | G15: 1 | H15: 66500 | I15: =VLOOKUP(H15,vlookup!$A$2:$B$5,2,TRUE) -> 2 | J15: 1 | K15: NA | L15: 24 | M15: East | N15: Massachusetts | O15: Boston | P15: 41029 | Q15: 1181
A16: 56 | B16: 3 | C16: 0 | D16: 1 | E16: 0 | F16: =IF(E16=0,"NO", IF(E16=1,"YES")) -> NO | G16: 0 | H16: 22000 | I16: =VLOOKUP(H16,vlookup!$A$2:$B$5,2,TRUE) -> 1 | J16: 0 | K16: 2 | L16: 12 | M16: East | N16: Massachusetts | O16: Boston | P16: 39025 | Q16: 736
A17: 78 | B17: 1 | C17: 0 | D17: 0 | E17: 1 | F17: =IF(E17=0,"NO", IF(E17=1,"YES")) -> YES | G17: 1 | H17: 79400 | I17: =VLOOKUP(H17,vlookup!$A$2:$B$5,2,TRUE) -> 2 | J17: 0 | K17: NA | L17: 6 | M17: East | N17: Massachusetts | O17: Boston | P17: 41030 | Q17: 1175
A18: 142 | B18: 3 | C18: 1 | D18: 0 | E18: 0 | F18: =IF(E18=0,"NO", IF(E18=1,"YES")) -> NO | G18: 1 | H18: 56300 | I18: =VLOOKUP(H18,vlookup!$A$2:$B$5,2,TRUE) -> 2 | J18: 0 | K18: 2 | L18: 6 | M18: East | N18: Massachusetts | O18: Boston | P18: 39524 | Q18: 873
A19: 181 | B19: 1 | C19: 1 | D19: 0 | E19: 0 | F19: =IF(E19=0,"NO", IF(E19=1,"YES")) -> NO | G19: 1 | H19: 25800 | I19: =VLOOKUP(H19,vlookup!$A$2:$B$5,2,TRUE) -> 1 | J19: 0 | K19: NA | L19: 6 | M19: East | N19: Massachusetts | O19: Boston | P19: 41022 | Q19: 451
A20: 223 | B20: 3 | C20: 0 | D20: 1 | E20: 1 | F20: =IF(E20=0,"NO", IF(E20=1,"YES")) -> YES | G20: 0 | H20: 79300 | I20: =VLOOKUP(H20,vlookup!$A$2:$B$5,2,TRUE) -> 2 | J20: 0 | K20: NA | L20: 12 | M20: East | N20: Massachusetts | O20: Boston | P20: 40975 | Q20: 2047
A21: 285 | B21: 1 | C21: 1 | D21: 0 | E21: 0 | F21: =IF(E21=0,"NO", IF(E21=1,"YES")) -> NO | G21: 0 | H21: 13900 | I21: =VLOOKUP(H21,vlookup!$A$2:$B$5,2,TRUE) -> 1 | J21: 0 | K21: NA | L21: 24 | M21: East | N21: Massachusetts | O21: Boston | P21: 40946 | Q21: 570
A22: 287 | B22: 3 | C22: 0 | D22: 0 | E22: 1 | F22: =IF(E22=0,"NO", IF(E22=1,"YES")) -> YES | G22: 0 | H22: 72200 | I22: =VLOOKUP(H22,vlookup!$A$2:$B$5,2,TRUE) -> 2 | J22: 0 | K22: 3 | L22: 24 | M22: East | N22: Massachusetts | O22: Boston | P22: 40141 | Q22: 3069
A23: 326 | B23: 2 | C23: 1 | D23: 0 | E23: 0 | F23: =IF(E23=0,"NO", IF(E23=1,"YES")) -> NO | G23: 1 | H23: 41200 | I23: =VLOOKUP(H23,vlookup!$A$2:$B$5,2,TRUE) -> 1 | J23: 0 | K23: 2 | L23: 12 | M23: East | N23: Massachusetts | O23: Boston | P23: 39216 | Q23: 841
A24: 338 | B24: 2 | C24: 1 | D24: 1 | E24: 0 | F24: =IF(E24=0,"NO", IF(E24=1,"YES")) -> NO | G24: 1 | H24: 55600 | I24: =VLOOKUP(H24,vlookup!$A$2:$B$5,2,TRUE) -> 2 | J24: 0 | K24: NA | L24: 12 | M24: East | N24: Massachusetts | O24: Boston | P24: 40981 | Q24: 952
A25: 397 | B25: 3 | C25: 0 | D25: 1 | E25: 1 | F25: =IF(E25=0,"NO", IF(E25=1,"YES")) -> YES | G25: 1 | H25: 74700 | I25: =VLOOKUP(H25,vlookup!$A$2:$B$5,2,TRUE) -> 2 | J25: 0 | K25: 3 | L25: 12 | M25: East | N25: Massachusetts | O25: Boston | P25: 39699 | Q25: 1699
A26: 509 | B26: 2 | C26: 1 | D26: 1 | E26: 1 | F26: =IF(E26=0,"NO", IF(E26=1,"YES")) -> YES | G26: 1 | H26: 82400 | I26: =VLOOKUP(H26,vlookup!$A$2:$B$5,2,TRUE) -> 2 | J26: 0 | K26: 3 | L26: 18 | M26: East | N26: Massachusetts | O26: Boston | P26: 41131 | Q26: 1779
A27: 568 | B27: 2 | C27: 1 | D27: 1 | E27: 1 | F27: =IF(E27=0,"NO", IF(E27=1,"YES")) -> YES | G27: 1 | H27: 90300 | I27: =VLOOKUP(H27,vlookup!$A$2:$B$5,2,TRUE) -> 2 | J27: 0 | K27: 3 | L27: 24 | M27: East | N27: Massachusetts | O27: Boston | P27: 40648 | Q27: 1944
A28: 665 | B28: 3 | C28: 1 | D28: 1 | E28: 1 | F28: =IF(E28=0,"NO", IF(E28=1,"YES")) -> YES | G28: 0 | H28: 80700 | I28: =VLOOKUP(H28,vlookup!$A$2:$B$5,2,TRUE) -> 2 | J28: 0 | K28: NA | L28: 18 | M28: East | N28: Massachusetts | O28: Boston | P28: 41048 | Q28: 3034
A29: 685 | B29: 3 | C29: 1 | D29: 1 | E29: 1 | F29: =IF(E29=0,"NO", IF(E29=1,"YES")) -> YES | G29: 0 | H29: 65500 | I29: =VLOOKUP(H29,vlookup!$A$2:$B$5,2,TRUE) -> 2 | J29: 0 | K29: 3 | L29: 24 | M29: East | N29: Massachusetts | O29: Boston | P29: 39050 | Q29: 1931
A30: 705 | B30: 3 | C30: 1 | D30: 0 | E30: 1 | F30: =IF(E30=0,"NO", IF(E30=1,"YES")) -> YES | G30: 1 | H30: 81800 | I30: =VLOOKUP(H30,vlookup!$A$2:$B$5,2,TRUE) -> 2 | J30: 0 | K30: 3 | L30: 6 | M30: East | N30: Massachusetts | O30: Boston | P30: 40389 | Q30: 919
A31: 731 | B31: 2 | C31: 1 | D31: 0 | E31: 0 | F31: =IF(E31=0,"NO", IF(E31=1,"YES")) -> NO | G31: 0 | H31: 59000 | I31: =VLOOKUP(H31,vlookup!$A$2:$B$5,2,TRUE) -> 2 | J31: 0 | K31: 3 | L31: 24 | M31: East | N31: Massachusetts | O31: Boston | P31: 40027 | Q31: 3044
A32: 911 | B32: 3 | C32: 0 | D32: 1 | E32: 1 | F32: =IF(E32=0,"NO", IF(E32=1,"YES")) -> YES | G32: 1 | H32: 62800 | I32: =VLOOKUP(H32,vlookup!$A$2:$B$5,2,TRUE) -> 2 | J32: 0 | K32: 3 | L32: 18 | M32: East | N32: Massachusetts | O32: Boston | P32: 40544 | Q32: 1403
A33: 939 | B33: 3 | C33: 1 | D33: 0 | E33: 1 | F33: =IF(E33=0,"NO", IF(E33=1,"YES")) -> YES | G33: 0 | H33: 23800 | I33: =VLOOKUP(H33,vlookup!$A$2:$B$5,2,TRUE) -> 1 | J33: 0 | K33: NA | L33: 12 | M33: East | N33: Massachusetts | O33: Boston | P33: 41020 | Q33: 428
A34: 947 | B34: 3 | C34: 0 | D34: 0 | E34: 1 | F34: =IF(E34=0,"NO", IF(E34=1,"YES")) -> YES | G34: 1 | H34: 71800 | I34: =VLOOKUP(H34,vlookup!$A$2:$B$5,2,TRUE) -> 2 | J34: 0 | K34: 3 | L34: 24 | M34: East | N34: Massachusetts | O34: Boston | P34: 39690 | Q34: 1946
A35: 949 | B35: 3 | C35: 1 | D35: 0 | E35: 1 | F35: =IF(E35=0,"NO", IF(E35=1,"YES")) -> YES | G35: 1 | H35: 71800 | I35: =VLOOKUP(H35,vlookup!$A$2:$B$5,2,TRUE) -> 2 | J35: 0 | K35: 3 | L35: 12 | M35: East | N35: Massachusetts | O35: Boston | P35: 40009 | Q35: 1389
A36: 951 | B36: 1 | C36: 0 | D36: 0 | E36: 1 | F36: =IF(E36=0,"NO", IF(E36=1,"YES")) -> YES | G36: 1 | H36: 61700 | I36: =VLOOKUP(H36,vlookup!$A$2:$B$5,2,TRUE) -> 2 | J36: 0 | K36: NA | L36: 12 | M36: East | N36: Massachusetts | O36: Boston | P36: 40945 | Q36: 1161
A37: 956 | B37: 3 | C37: 1 | D37: 1 | E37: 0 | F37: =IF(E37=0,"NO", IF(E37=1,"YES")) -> NO | G37: 1 | H37: 38700 | I37: =VLOOKUP(H37,vlookup!$A$2:$B$5,2,TRUE) -> 1 | J37: 0 | K37: NA | L37: 24 | M37: East | N37: Massachusetts | O37: Boston | P37: 41080 | Q37: 1506
A38: 957 | B38: 3 | C38: 0 | D38: 1 | E38: 0 | F38: =IF(E38=0,"NO", IF(E38=1,"YES")) -> NO | G38: 1 | H38: 11400 | I38: =VLOOKUP(H38,vlookup!$A$2:$B$5,2,TRUE) -> 1 | J38: 0 | K38: NA | L38: 6 | M38: East | N38: Massachusetts | O38: Boston | P38: 41083 | Q38: 258
A39: 72 | B39: 2 | C39: 1 | D39: 0 | E39: 1 | F39: =IF(E39=0,"NO", IF(E39=1,"YES")) -> YES | G39: 0 | H39: 72200 | I39: =VLOOKUP(H39,vlookup!$A$2:$B$5,2,TRUE) -> 2 | J39: 3 | K39: 2 | L39: 18 | M39: East | N39: New York | O39: Buffalo | P39: 40606 | Q39: 1811
A40: 250 | B40: 2 | C40: 1 | D40: 1 | E40: 0 | F40: =IF(E40=0,"NO", IF(E40=1,"YES")) -> NO | G40: 1 | H40: 49200 | I40: =VLOOKUP(H40,vlookup!$A$2:$B$5,2,TRUE) -> 1 | J40: 3 | K40: 1 | L40: 12 | M40: East | N40: New York | O40: Buffalo | P40: 41119 | Q40: 210
A41: 736 | B41: 2 | C41: 0 | D41: 0 | E41: 1 | F41: =IF(E41=0,"NO", IF(E41=1,"YES")) -> YES | G41: 0 | H41: 45400 | I41: =VLOOKUP(H41,vlookup!$A$2:$B$5,2,TRUE) -> 1 | J41: 3 | K41: 2 | L41: 24 | M41: East | N41: New York | O41: Buffalo | P41: 39675 | Q41: 1203
A42: 189 | B42: 2 | C42: 0 | D42: 0 | E42: 0 | F42: =IF(E42=0,"NO", IF(E42=1,"YES")) -> NO | G42: 1 | H42: 36400 | I42: =VLOOKUP(H42,vlookup!$A$2:$B$5,2,TRUE) -> 1 | J42: 2 | K42: 1 | L42: 18 | M42: East | N42: New York | O42: Buffalo | P42: 40531 | Q42: 506
A43: 406 | B43: 2 | C43: 1 | D43: 1 | E43: 1 | F43: =IF(E43=0,"NO", IF(E43=1,"YES")) -> YES | G43: 1 | H43: 64300 | I43: =VLOOKUP(H43,vlookup!$A$2:$B$5,2,TRUE) -> 2 | J43: 2 | K43: 2 | L43: 6 | M43: East | N43: New York | O43: Buffalo | P43: 39422 | Q43: 661
A44: 430 | B44: 1 | C44: 0 | D44: 0 | E44: 0 | F44: =IF(E44=0,"NO", IF(E44=1,"YES")) -> NO | G44: 0 | H44: 23200 | I44: =VLOOKUP(H44,vlookup!$A$2:$B$5,2,TRUE) -> 1 | J44: 2 | K44: NA | L44: 24 | M44: East | N44: New York | O44: Buffalo | P44: 40938 | Q44: 788
A45: 657 | B45: 2 | C45: 0 | D45: 0 | E45: 0 | F45: =IF(E45=0,"NO", IF(E45=1,"YES")) -> NO | G45: 1 | H45: 53700 | I45: =VLOOKUP(H45,vlookup!$A$2:$B$5,2,TRUE) -> 2 | J45: 2 | K45: NA | L45: 12 | M45: East | N45: New York | O45: Buffalo | P45: 41011 | Q45: 1194
A46: 810 | B46: 2 | C46: 1 | D46: 1 | E46: 1 | F46: =IF(E46=0,"NO", IF(E46=1,"YES")) -> YES | G46: 1 | H46: 95100 | I46: =VLOOKUP(H46,vlookup!$A$2:$B$5,2,TRUE) -> 2 | J46: 2 | K46: 2 | L46: 12 | M46: East | N46: New York | O46: Buffalo | P46: 40969 | Q46: 809
A47: 942 | B47: 1 | C47: 0 | D47: 0 | E47: 0 | F47: =IF(E47=0,"NO", IF(E47=1,"YES")) -> NO | G47: 1 | H47: 14200 | I47: =VLOOKUP(H47,vlookup!$A$2:$B$5,2,TRUE) -> 1 | J47: 2 | K47: 1 | L47: 18 | M47: East | N47: New York | O47: Buffalo | P47: 39846 | Q47: 197
A48: 11 | B48: 2 | C48: 1 | D48: 0 | E48: 1 | F48: =IF(E48=0,"NO", IF(E48=1,"YES")) -> YES | G48: 1 | H48: 94200 | I48: =VLOOKUP(H48,vlookup!$A$2:$B$5,2,TRUE) -> 2 | J48: 1 | K48: 3 | L48: 18 | M48: East | N48: New York | O48: Buffalo | P48: 39565 | Q48: 1211
A49: 14 | B49: 2 | C49: 1 | D49: 0 | E49: 0 | F49: =IF(E49=0,"NO", IF(E49=1,"YES")) -> NO | G49: 0 | H49: 52600 | I49: =VLOOKUP(H49,vlookup!$A$2:$B$5,2,TRUE) -> 2 | J49: 1 | K49: NA | L49: 18 | M49: East | N49: New York | O49: Buffalo | P49: 41007 | Q49: 1773
A50: 92 | B50: 1 | C50: 1 | D50: 0 | E50: 1 | F50: =IF(E50=0,"NO", IF(E50=1,"YES")) -> YES | G50: 0 | H50: 20200 | I50: =VLOOKUP(H50,vlookup!$A$2:$B$5,2,TRUE) -> 1 | J50: 1 | K50: 1 | L50: 24 | M50: East | N50: New York | O50: Buffalo | P50: 40161 | Q50: 500
A51: 98 | B51: 1 | C51: 0 | D51: 0 | E51: 0 | F51: =IF(E51=0,"NO", IF(E51=1,"YES")) -> NO | G51: 0 | H51: 14400 | I51: =VLOOKUP(H51,vlookup!$A$2:$B$5,2,TRUE) -> 1 | J51: 1 | K51: 1 | L51: 6 | M51: East | N51: New York | O51: Buffalo | P51: 39276 | Q51: 390
A52: 129 | B52: 3 | C52: 1 | D52: 1 | E52: 1 | F52: =IF(E52=0,"NO", IF(E52=1,"YES")) -> YES | G52: 1 | H52: 71200 | I52: =VLOOKUP(H52,vlookup!$A$2:$B$5,2,TRUE) -> 2 | J52: 1 | K52: 2 | L52: 12 | M52: East | N52: New York | O52: Buffalo | P52: 39875 | Q52: 638
A53: 158 | B53: 2 | C53: 1 | D53: 0 | E53: 0 | F53: =IF(E53=0,"NO", IF(E53=1,"YES")) -> NO | G53: 0 | H53: 40500 | I53: =VLOOKUP(H53,vlookup!$A$2:$B$5,2,TRUE) -> 1 | J53: 1 | K53: NA | L53: 18 | M53: East | N53: New York | O53: Buffalo | P53: 41082 | Q53: 1073
A54: 310 | B54: 3 | C54: 0 | D54: 0 | E54: 1 | F54: =IF(E54=0,"NO", IF(E54=1,"YES")) -> YES | G54: 1 | H54: 23600 | I54: =VLOOKUP(H54,vlookup!$A$2:$B$5,2,TRUE) -> 1 | J54: 1 | K54: 1 | L54: 6 | M54: East | N54: New York | O54: Buffalo | P54: 41049 | Q54: 161
A55: 432 | B55: 2 | C55: 1 | D55: 1 | E55: 1 | F55: =IF(E55=0,"NO", IF(E55=1,"YES")) -> YES | G55: 1 | H55: 96900 | I55: =VLOOKUP(H55,vlookup!$A$2:$B$5,2,TRUE) -> 2 | J55: 1 | K55: 3 | L55: 12 | M55: East | N55: New York | O55: Buffalo | P55: 40333 | Q55: 1420
A56: 451 | B56: 1 | C56: 0 | D56: 0 | E56: 0 | F56: =IF(E56=0,"NO", IF(E56=1,"YES")) -> NO | G56: 1 | H56: 12900 | I56: =VLOOKUP(H56,vlookup!$A$2:$B$5,2,TRUE) -> 1 | J56: 1 | K56: 1 | L56: 6 | M56: East | N56: New York | O56: Buffalo | P56: 40419 | Q56: 107
A57: 484 | B57: 1 | C57: 0 | D57: 0 | E57: 0 | F57: =IF(E57=0,"NO", IF(E57=1,"YES")) -> NO | G57: 0 | H57: 17300 | I57: =VLOOKUP(H57,vlookup!$A$2:$B$5,2,TRUE) -> 1 | J57: 1 | K57: 1 | L57: 18 | M57: East | N57: New York | O57: Buffalo | P57: 39459 | Q57: 381
A58: 508 | B58: 1 | C58: 1 | D58: 0 | E58: 0 | F58: =IF(E58=0,"NO", IF(E58=1,"YES")) -> NO | G58: 1 | H58: 21700 | I58: =VLOOKUP(H58,vlookup!$A$2:$B$5,2,TRUE) -> 1 | J58: 1 | K58: NA | L58: 18 | M58: East | N58: New York | O58: Buffalo | P58: 41060 | Q58: 774
A59: 552 | B59: 2 | C59: 1 | D59: 0 | E59: 1 | F59: =IF(E59=0,"NO", IF(E59=1,"YES")) -> YES | G59: 1 | H59: 92900 | I59: =VLOOKUP(H59,vlookup!$A$2:$B$5,2,TRUE) -> 2 | J59: 1 | K59: NA | L59: 6 | M59: East | N59: New York | O59: Buffalo | P59: 40917 | Q59: 1705
A60: 669 | B60: 2 | C60: 0 | D60: 1 | E60: 1 | F60: =IF(E60=0,"NO", IF(E60=1,"YES")) -> YES | G60: 0 | H60: 88600 | I60: =VLOOKUP(H60,vlookup!$A$2:$B$5,2,TRUE) -> 2 | J60: 1 | K60: 3 | L60: 18 | M60: East | N60: New York | O60: Buffalo | P60: 41101 | Q60: 2563
A61: 824 | B61: 2 | C61: 0 | D61: 0 | E61: 1 | F61: =IF(E61=0,"NO", IF(E61=1,"YES")) -> YES | G61: 0 | H61: 60100 | I61: =VLOOKUP(H61,vlookup!$A$2:$B$5,2,TRUE) -> 2 | J61: 1 | K61: 3 | L61: 18 | M61: East | N61: New York | O61: Buffalo | P61: 40758 | Q61: 1430
A62: 28 | B62: 3 | C62: 0 | D62: 1 | E62: 1 | F62: =IF(E62=0,"NO", IF(E62=1,"YES")) -> YES | G62: 1 | H62: 74400 | I62: =VLOOKUP(H62,vlookup!$A$2:$B$5,2,TRUE) -> 2 | J62: 0 | K62: 3 | L62: 18 | M62: East | N62: New York | O62: Buffalo | P62: 39239 | Q62: 2479
A63: 40 | B63: 1 | C63: 0 | D63: 0 | E63: 1 | F63: =IF(E63=0,"NO", IF(E63=1,"YES")) -> YES | G63: 1 | H63: 36600 | I63: =VLOOKUP(H63,vlookup!$A$2:$B$5,2,TRUE) -> 1 | J63: 0 | K63: 2 | L63: 6 | M63: East | N63: New York | O63: Buffalo | P63: 40025 | Q63: 833
A64: 309 | B64: 2 | C64: 0 | D64: 0 | E64: 0 | F64: =IF(E64=0,"NO", IF(E64=1,"YES")) -> NO | G64: 1 | H64: 43700 | I64: =VLOOKUP(H64,vlookup!$A$2:$B$5,2,TRUE) -> 1 | J64: 0 | K64: 2 | L64: 12 | M64: East | N64: New York | O64: Buffalo | P64: 38880 | Q64: 950
A65: 334 | B65: 3 | C65: 0 | D65: 1 | E65: 1 | F65: =IF(E65=0,"NO", IF(E65=1,"YES")) -> YES | G65: 0 | H65: 37500 | I65: =VLOOKUP(H65,vlookup!$A$2:$B$5,2,TRUE) -> 1 | J65: 0 | K65: 2 | L65: 18 | M65: East | N65: New York | O65: Buffalo | P65: 39038 | Q65: 1578
A66: 444 | B66: 2 | C66: 1 | D66: 1 | E66: 0 | F66: =IF(E66=0,"NO", IF(E66=1,"YES")) -> NO | G66: 0 | H66: 49700 | I66: =VLOOKUP(H66,vlookup!$A$2:$B$5,2,TRUE) -> 1 | J66: 0 | K66: 3 | L66: 24 | M66: East | N66: New York | O66: Buffalo | P66: 40009 | Q66: 2844
A67: 483 | B67: 1 | C67: 1 | D67: 0 | E67: 0 | F67: =IF(E67=0,"NO", IF(E67=1,"YES")) -> NO | G67: 1 | H67: 14100 | I67: =VLOOKUP(H67,vlookup!$A$2:$B$5,2,TRUE) -> 1 | J67: 0 | K67: 1 | L67: 12 | M67: East | N67: New York | O67: Buffalo | P67: 40322 | Q67: 328
A68: 563 | B68: 1 | C68: 1 | D68: 0 | E68: 0 | F68: =IF(E68=0,"NO", IF(E68=1,"YES")) -> NO | G68: 1 | H68: 19100 | I68: =VLOOKUP(H68,vlookup!$A$2:$B$5,2,TRUE) -> 1 | J68: 0 | K68: NA | L68: 6 | M68: East | N68: New York | O68: Buffalo | P68: 40962 | Q68: 176
A69: 584 | B69: 2 | C69: 1 | D69: 1 | E69: 0 | F69: =IF(E69=0,"NO", IF(E69=1,"YES")) -> NO | G69: 0 | H69: 60200 | I69: =VLOOKUP(H69,vlookup!$A$2:$B$5,2,TRUE) -> 2 | J69: 0 | K69: 3 | L69: 12 | M69: East | N69: New York | O69: Buffalo | P69: 38858 | Q69: 1955
A70: 748 | B70: 1 | C70: 1 | D70: 0 | E70: 1 | F70: =IF(E70=0,"NO", IF(E70=1,"YES")) -> YES | G70: 0 | H70: 51600 | I70: =VLOOKUP(H70,vlookup!$A$2:$B$5,2,TRUE) -> 2 | J70: 0 | K70: NA | L70: 12 | M70: East | N70: New York | O70: Buffalo | P70: 41088 | Q70: 1082
A71: 755 | B71: 2 | C71: 1 | D71: 1 | E71: 1 | F71: =IF(E71=0,"NO", IF(E71=1,"YES")) -> YES | G71: 1 | H71: 42700 | I71: =VLOOKUP(H71,vlookup!$A$2:$B$5,2,TRUE) -> 1 | J71: 0 | K71: 2 | L71: 6 | M71: East | N71: New York | O71: Buffalo | P71: 40184 | Q71: 541
A72: 844 | B72: 3 | C72: 0 | D72: 1 | E72: 1 | F72: =IF(E72=0,"NO", IF(E72=1,"YES")) -> YES | G72: 1 | H72: 51000 | I72: =VLOOKUP(H72,vlookup!$A$2:$B$5,2,TRUE) -> 2 | J72: 0 | K72: 2 | L72: 12 | M72: East | N72: New York | O72: Buffalo | P72: 40540 | Q72: 1025
A73: 897 | B73: 3 | C73: 0 | D73: 0 | E73: 0 | F73: =IF(E73=0,"NO", IF(E73=1,"YES")) -> NO | G73: 0 | H73: 13900 | I73: =VLOOKUP(H73,vlookup!$A$2:$B$5,2,TRUE) -> 1 | J73: 0 | K73: 1 | L73: 6 | M73: East | N73: New York | O73: Buffalo | P73: 39909 | Q73: 191
A74: 898 | B74: 2 | C74: 1 | D74: 0 | E74: 0 | F74: =IF(E74=0,"NO", IF(E74=1,"YES")) -> NO | G74: 1 | H74: 42300 | I74: =VLOOKUP(H74,vlookup!$A$2:$B$5,2,TRUE) -> 1 | J74: 0 | K74: 2 | L74: 24 | M74: East | N74: New York | O74: Buffalo | P74: 40792 | Q74: 1051
A75: 901 | B75: 3 | C75: 0 | D75: 1 | E75: 0 | F75: =IF(E75=0,"NO", IF(E75=1,"YES")) -> NO | G75: 1 | H75: 24400 | I75: =VLOOKUP(H75,vlookup!$A$2:$B$5,2,TRUE) -> 1 | J75: 0 | K75: 1 | L75: 6 | M75: East | N75: New York | O75: Buffalo | P75: 40625 | Q75: 491
A76: 922 | B76: 2 | C76: 1 | D76: 0 | E76: 0 | F76: =IF(E76=0,"NO", IF(E76=1,"YES")) -> NO | G76: 1 | H76: 49100 | I76: =VLOOKUP(H76,vlookup!$A$2:$B$5,2,TRUE) -> 1 | J76: 0 | K76: NA | L76: 6 | M76: East | N76: New York | O76: Buffalo | P76: 41090 | Q76: 934
A77: 945 | B77: 2 | C77: 1 | D77: 1 | E77: 1 | F77: =IF(E77=0,"NO", IF(E77=1,"YES")) -> YES | G77: 1 | H77: 76100 | I77: =VLOOKUP(H77,vlookup!$A$2:$B$5,2,TRUE) -> 2 | J77: 0 | K77: NA | L77: 6 | M77: East | N77: New York | O77: Buffalo | P77: 40938 | Q77: 719
A78: 2 | B78: 2 | C78: 0 | D78: 1 | E78: 1 | F78: =IF(E78=0,"NO", IF(E78=1,"YES")) -> YES | G78: 0 | H78: 108100 | I78: =VLOOKUP(H78,vlookup!$A$2:$B$5,2,TRUE) -> 3 | J78: 3 | K78: 3 | L78: 18 | M78: Midwest | N78: Illinois | O78: Chicago | P78: 38862 | Q78: 2632
A79: 149 | B79: 1 | C79: 0 | D79: 0 | E79: 0 | F79: =IF(E79=0,"NO", IF(E79=1,"YES")) -> NO | G79: 1 | H79: 23000 | I79: =VLOOKUP(H79,vlookup!$A$2:$B$5,2,TRUE) -> 1 | J79: 3 | K79: 1 | L79: 6 | M79: Midwest | N79: Illinois | O79: Chicago | P79: 40928 | Q79: 79
A80: 358 | B80: 2 | C80: 0 | D80: 1 | E80: 0 | F80: =IF(E80=0,"NO", IF(E80=1,"YES")) -> NO | G80: 0 | H80: 66800 | I80: =VLOOKUP(H80,vlookup!$A$2:$B$5,2,TRUE) -> 2 | J80: 3 | K80: NA | L80: 24 | M80: Midwest | N80: Illinois | O80: Chicago | P80: 41041 | Q80: 2098
A81: 376 | B81: 1 | C81: 0 | D81: 0 | E81: 0 | F81: =IF(E81=0,"NO", IF(E81=1,"YES")) -> NO | G81: 0 | H81: 13800 | I81: =VLOOKUP(H81,vlookup!$A$2:$B$5,2,TRUE) -> 1 | J81: 3 | K81: 1 | L81: 6 | M81: Midwest | N81: Illinois | O81: Chicago | P81: 38891 | Q81: 127
A82: 768 | B82: 2 | C82: 1 | D82: 0 | E82: 1 | F82: =IF(E82=0,"NO", IF(E82=1,"YES")) -> YES | G82: 0 | H82: 72200 | I82: =VLOOKUP(H82,vlookup!$A$2:$B$5,2,TRUE) -> 2 | J82: 3 | K82: 2 | L82: 18 | M82: Midwest | N82: Illinois | O82: Chicago | P82: 39188 | Q82: 1042
A83: 55 | B83: 2 | C83: 1 | D83: 1 | E83: 1 | F83: =IF(E83=0,"NO", IF(E83=1,"YES")) -> YES | G83: 0 | H83: 96800 | I83: =VLOOKUP(H83,vlookup!$A$2:$B$5,2,TRUE) -> 2 | J83: 2 | K83: 3 | L83: 18 | M83: Midwest | N83: Illinois | O83: Chicago | P83: 39090 | Q83: 2299
A84: 91 | B84: 1 | C84: 0 | D84: 1 | E84: 0 | F84: =IF(E84=0,"NO", IF(E84=1,"YES")) -> NO | G84: 1 | H84: 25900 | I84: =VLOOKUP(H84,vlookup!$A$2:$B$5,2,TRUE) -> 1 | J84: 2 | K84: NA | L84: 12 | M84: Midwest | N84: Illinois | O84: Chicago | P84: 40996 | Q84: 449
A85: 185 | B85: 2 | C85: 1 | D85: 1 | E85: 1 | F85: =IF(E85=0,"NO", IF(E85=1,"YES")) -> YES | G85: 1 | H85: 109900 | I85: =VLOOKUP(H85,vlookup!$A$2:$B$5,2,TRUE) -> 3 | J85: 2 | K85: 2 | L85: 12 | M85: Midwest | N85: Illinois | O85: Chicago | P85: 40045 | Q85: 870
A86: 272 | B86: 2 | C86: 0 | D86: 1 | E86: 0 | F86: =IF(E86=0,"NO", IF(E86=1,"YES")) -> NO | G86: 1 | H86: 27000 | I86: =VLOOKUP(H86,vlookup!$A$2:$B$5,2,TRUE) -> 1 | J86: 2 | K86: 1 | L86: 6 | M86: Midwest | N86: Illinois | O86: Chicago | P86: 39046 | Q86: 183
A87: 295 | B87: 2 | C87: 1 | D87: 1 | E87: 0 | F87: =IF(E87=0,"NO", IF(E87=1,"YES")) -> NO | G87: 1 | H87: 68900 | I87: =VLOOKUP(H87,vlookup!$A$2:$B$5,2,TRUE) -> 2 | J87: 2 | K87: NA | L87: 18 | M87: Midwest | N87: Illinois | O87: Chicago | P87: 41111 | Q87: 2784
A88: 541 | B88: 2 | C88: 0 | D88: 1 | E88: 0 | F88: =IF(E88=0,"NO", IF(E88=1,"YES")) -> NO | G88: 1 | H88: 52700 | I88: =VLOOKUP(H88,vlookup!$A$2:$B$5,2,TRUE) -> 2 | J88: 2 | K88: 1 | L88: 18 | M88: Midwest | N88: Illinois | O88: Chicago | P88: 39369 | Q88: 855
A89: 560 | B89: 2 | C89: 1 | D89: 1 | E89: 0 | F89: =IF(E89=0,"NO", IF(E89=1,"YES")) -> NO | G89: 0 | H89: 61300 | I89: =VLOOKUP(H89,vlookup!$A$2:$B$5,2,TRUE) -> 2 | J89: 2 | K89: 3 | L89: 24 | M89: Midwest | N89: Illinois | O89: Chicago | P89: 40617 | Q89: 1241
A90: 815 | B90: 1 | C90: 0 | D90: 0 | E90: 0 | F90: =IF(E90=0,"NO", IF(E90=1,"YES")) -> NO | G90: 1 | H90: 18800 | I90: =VLOOKUP(H90,vlookup!$A$2:$B$5,2,TRUE) -> 1 | J90: 2 | K90: 1 | L90: 18 | M90: Midwest | N90: Illinois | O90: Chicago | P90: 39114 | Q90: 170
A91: 854 | B91: 1 | C91: 0 | D91: 0 | E91: 0 | F91: =IF(E91=0,"NO", IF(E91=1,"YES")) -> NO | G91: 0 | H91: 10200 | I91: =VLOOKUP(H91,vlookup!$A$2:$B$5,2,TRUE) -> 1 | J91: 2 | K91: 1 | L91: 18 | M91: Midwest | N91: Illinois | O91: Chicago | P91: 40253 | Q91: 213
A92: 864 | B92: 2 | C92: 0 | D92: 0 | E92: 0 | F92: =IF(E92=0,"NO", IF(E92=1,"YES")) -> NO | G92: 1 | H92: 32700 | I92: =VLOOKUP(H92,vlookup!$A$2:$B$5,2,TRUE) -> 1 | J92: 2 | K92: 1 | L92: 6 | M92: Midwest | N92: Illinois | O92: Chicago | P92: 38964 | Q92: 273
A93: 877 | B93: 1 | C93: 0 | D93: 1 | E93: 0 | F93: =IF(E93=0,"NO", IF(E93=1,"YES")) -> NO | G93: 1 | H93: 27100 | I93: =VLOOKUP(H93,vlookup!$A$2:$B$5,2,TRUE) -> 1 | J93: 2 | K93: 1 | L93: 24 | M93: Midwest | N93: Illinois | O93: Chicago | P93: 39871 | Q93: 437
A94: 913 | B94: 1 | C94: 1 | D94: 0 | E94: 0 | F94: =IF(E94=0,"NO", IF(E94=1,"YES")) -> NO | G94: 1 | H94: 10200 | I94: =VLOOKUP(H94,vlookup!$A$2:$B$5,2,TRUE) -> 1 | J94: 2 | K94: NA | L94: 12 | M94: Midwest | N94: Illinois | O94: Chicago | P94: 41113 | Q94: 333
A95: 466 | B95: 2 | C95: 0 | D95: 0 | E95: 1 | F95: =IF(E95=0,"NO", IF(E95=1,"YES")) -> YES | G95: 0 | H95: 67300 | I95: =VLOOKUP(H95,vlookup!$A$2:$B$5,2,TRUE) -> 2 | J95: 1 | K95: 3 | L95: 18 | M95: Midwest | N95: Illinois | O95: Chicago | P95: 39669 | Q95: 1513
A96: 523 | B96: 2 | C96: 0 | D96: 0 | E96: 1 | F96: =IF(E96=0,"NO", IF(E96=1,"YES")) -> YES | G96: 1 | H96: 75200 | I96: =VLOOKUP(H96,vlookup!$A$2:$B$5,2,TRUE) -> 2 | J96: 1 | K96: NA | L96: 24 | M96: Midwest | N96: Illinois | O96: Chicago | P96: 40974 | Q96: 2702
A97: 564 | B97: 1 | C97: 0 | D97: 0 | E97: 1 | F97: =IF(E97=0,"NO", IF(E97=1,"YES")) -> YES | G97: 1 | H97: 73600 | I97: =VLOOKUP(H97,vlookup!$A$2:$B$5,2,TRUE) -> 2 | J97: 1 | K97: 2 | L97: 6 | M97: Midwest | N97: Illinois | O97: Chicago | P97: 39181 | Q97: 647
A98: 585 | B98: 2 | C98: 0 | D98: 1 | E98: 1 | F98: =IF(E98=0,"NO", IF(E98=1,"YES")) -> YES | G98: 1 | H98: 80800 | I98: =VLOOKUP(H98,vlookup!$A$2:$B$5,2,TRUE) -> 2 | J98: 1 | K98: NA | L98: 18 | M98: Midwest | N98: Illinois | O98: Chicago | P98: 41017 | Q98: 1598
A99: 586 | B99: 1 | C99: 0 | D99: 0 | E99: 0 | F99: =IF(E99=0,"NO", IF(E99=1,"YES")) -> NO | G99: 1 | H99: 21900 | I99: =VLOOKUP(H99,vlookup!$A$2:$B$5,2,TRUE) -> 1 | J99: 1 | K99: NA | L99: 12 | M99: Midwest | N99: Illinois | O99: Chicago | P99: 41127 | Q99: 576
A100: 623 | B100: 2 | C100: 1 | D100: 1 | E100: 1 | F100: =IF(E100=0,"NO", IF(E100=1,"YES")) -> YES | G100: 1 | H100: 76700 | I100: =VLOOKUP(H100,vlookup!$A$2:$B$5,2,TRUE) -> 2 | J100: 1 | K100: 2 | L100: 24 | M100: Midwest | N100: Illinois | O100: Chicago | P100: 39428 | Q100: 1431
...

Sheet vlookup
A1: Salary | B1: Vlookup
A2: 0 | B2: 1
A3: 50001 | B3: 2
A4: 100001 | B4: 3
A5: 150001 | B5: 4
