Workbook
Name Slicer_Children: #N/A
Name Slicer_Gender: #N/A
Name Slicer_GenderCode: #N/A
Name Slicer_Opinion: #N/A
Name Slicer_Person: #N/A
Name Slicer_Salary: #N/A
Name Slicer_State: #N/A

Sheet copy of data
A1: Person | B1: Age | C1: Binned Age | D1: Vlookup Age | E1: Gender | F1: Coded Gender | G1: vlookup gender | H1: State | I1: Children | J1: Salary | K1: Opinion | M1: existing excel formula
A2: 1 | B2: 35 | C2: =IF(B2<=34,"young", IF(B2<=59,"middle-aged","elderly")) -> middle-aged | D2: =VLOOKUP(B2,vlookup!$A$2:$B$4,2,TRUE) -> Middle-aged | E2: Male | F2: =IF(E2="Male",1,0) -> 1 | G2: =VLOOKUP(E2,vlookup!$D$2:$E$3,2,FALSE) -> 1 | H2: Minnesota | I2: 1 | J2: 65400 | K2: 5 | L2: avg. age | M2: =AVERAGE($B$2:$B$31) -> 42.566667
A3: 2 | B3: 61 | C3: =IF(B3<=34,"young", IF(B3<=59,"middle-aged","elderly")) -> elderly | D3: =VLOOKUP(B3,vlookup!$A$2:$B$4,2,TRUE) -> Elderly | E3: Female | F3: =IF(E3="Male",1,0) -> 0 | G3: =VLOOKUP(E3,vlookup!$D$2:$E$3,2,FALSE) -> 0 | H3: Texas | I3: 2 | J3: 62000 | K3: 1 | L3: median | M3: =MEDIAN($B$2:$B$31) -> 40
A4: 3 | B4: 35 | C4: =IF(B4<=34,"young", IF(B4<=59,"middle-aged","elderly")) -> middle-aged | D4: =VLOOKUP(B4,vlookup!$A$2:$B$4,2,TRUE) -> Middle-aged | E4: Male | F4: =IF(E4="Male",1,0) -> 1 | G4: =VLOOKUP(E4,vlookup!$D$2:$E$3,2,FALSE) -> 1 | H4: Ohio | I4: 0 | J4: 63200 | K4: 3 | L4: mode | M4: {=_xlfn.MODE.MULT($B$2:$B$31)} -> 40
A5: 4 | B5: 37 | C5: =IF(B5<=34,"young", IF(B5<=59,"middle-aged","elderly")) -> middle-aged | D5: =VLOOKUP(B5,vlookup!$A$2:$B$4,2,TRUE) -> Middle-aged | E5: Male | F5: =IF(E5="Male",1,0) -> 1 | G5: =VLOOKUP(E5,vlookup!$D$2:$E$3,2,FALSE) -> 1 | H5: Florida | I5: 2 | J5: 52000 | K5: 5
A6: 5 | B6: 32 | C6: =IF(B6<=34,"young", IF(B6<=59,"middle-aged","elderly")) -> young | D6: =VLOOKUP(B6,vlookup!$A$2:$B$4,2,TRUE) -> Young | E6: Female | F6: =IF(E6="Male",1,0) -> 0 | G6: =VLOOKUP(E6,vlookup!$D$2:$E$3,2,FALSE) -> 0 | H6: California | I6: 3 | J6: 81400 | K6: 1 | L6: max | M6: =MAX($B$2:$B$31) -> 65
A7: 6 | B7: 33 | C7: =IF(B7<=34,"young", IF(B7<=59,"middle-aged","elderly")) -> young | D7: =VLOOKUP(B7,vlookup!$A$2:$B$4,2,TRUE) -> Young | E7: Female | F7: =IF(E7="Male",1,0) -> 0 | G7: =VLOOKUP(E7,vlookup!$D$2:$E$3,2,FALSE) -> 0 | H7: New York | I7: 3 | J7: 46300 | K7: 5 | L7: min | M7: =MIN($B$2:$B$31) -> 21
A8: 7 | B8: 65 | C8: =IF(B8<=34,"young", IF(B8<=59,"middle-aged","elderly")) -> elderly | D8: =VLOOKUP(B8,vlookup!$A$2:$B$4,2,TRUE) -> Elderly | E8: Female | F8: =IF(E8="Male",1,0) -> 0 | G8: =VLOOKUP(E8,vlookup!$D$2:$E$3,2,FALSE) -> 0 | H8: Minnesota | I8: 2 | J8: 49600 | K8: 1 | L8: range | M8: =M6-M7 -> 44
A9: 8 | B9: 45 | C9: =IF(B9<=34,"young", IF(B9<=59,"middle-aged","elderly")) -> middle-aged | D9: =VLOOKUP(B9,vlookup!$A$2:$B$4,2,TRUE) -> Middle-aged | E9: Male | F9: =IF(E9="Male",1,0) -> 1 | G9: =VLOOKUP(E9,vlookup!$D$2:$E$3,2,FALSE) -> 1 | H9: New York | I9: 1 | J9: 45900 | K9: 5
A10: 9 | B10: 40 | C10: =IF(B10<=34,"young", IF(B10<=59,"middle-aged","elderly")) -> middle-aged | D10: =VLOOKUP(B10,vlookup!$A$2:$B$4,2,TRUE) -> Middle-aged | E10: Male | F10: =IF(E10="Male",1,0) -> 1 | G10: =VLOOKUP(E10,vlookup!$D$2:$E$3,2,FALSE) -> 1 | H10: Texas | I10: 3 | J10: 47700 | K10: 4 | L10: variation | M10: =_xlfn.VAR.S($B$2:$B$31) -> 113.01264
A11: 10 | B11: 32 | C11: =IF(B11<=34,"young", IF(B11<=59,"middle-aged","elderly")) -> young | D11: =VLOOKUP(B11,vlookup!$A$2:$B$4,2,TRUE) -> Young | E11: Female | F11: =IF(E11="Male",1,0) -> 0 | G11: =VLOOKUP(E11,vlookup!$D$2:$E$3,2,FALSE) -> 0 | H11: Texas | I11: 1 | J11: 59900 | K11: 4 | L11: standard deviation | M11: =_xlfn.STDEV.S($B$2:$B$31) -> 10.630741
A12: 11 | B12: 57 | C12: =IF(B12<=34,"young", IF(B12<=59,"middle-aged","elderly")) -> middle-aged | D12: =VLOOKUP(B12,vlookup!$A$2:$B$4,2,TRUE) -> Middle-aged | E12: Male | F12: =IF(E12="Male",1,0) -> 1 | G12: =VLOOKUP(E12,vlookup!$D$2:$E$3,2,FALSE) -> 1 | H12: New York | I12: 1 | J12: 48100 | K12: 4
A13: 12 | B13: 38 | C13: =IF(B13<=34,"young", IF(B13<=59,"middle-aged","elderly")) -> middle-aged | D13: =VLOOKUP(B13,vlookup!$A$2:$B$4,2,TRUE) -> Middle-aged | E13: Female | F13: =IF(E13="Male",1,0) -> 0 | G13: =VLOOKUP(E13,vlookup!$D$2:$E$3,2,FALSE) -> 0 | H13: Virginia | I13: 0 | J13: 58100 | K13: 3
A14: 13 | B14: 37 | C14: =IF(B14<=34,"young", IF(B14<=59,"middle-aged","elderly")) -> middle-aged | D14: =VLOOKUP(B14,vlookup!$A$2:$B$4,2,TRUE) -> Middle-aged | E14: Female | F14: =IF(E14="Male",1,0) -> 0 | G14: =VLOOKUP(E14,vlookup!$D$2:$E$3,2,FALSE) -> 0 | H14: Illinois | I14: 2 | J14: 56000 | K14: 1
A15: 14 | B15: 42 | C15: =IF(B15<=34,"young", IF(B15<=59,"middle-aged","elderly")) -> middle-aged | D15: =VLOOKUP(B15,vlookup!$A$2:$B$4,2,TRUE) -> Middle-aged | E15: Female | F15: =IF(E15="Male",1,0) -> 0 | G15: =VLOOKUP(E15,vlookup!$D$2:$E$3,2,FALSE) -> 0 | H15: Virginia | I15: 2 | J15: 53400 | K15: 1
A16: 15 | B16: 38 | C16: =IF(B16<=34,"young", IF(B16<=59,"middle-aged","elderly")) -> middle-aged | D16: =VLOOKUP(B16,vlookup!$A$2:$B$4,2,TRUE) -> Middle-aged | E16: Female | F16: =IF(E16="Male",1,0) -> 0 | G16: =VLOOKUP(E16,vlookup!$D$2:$E$3,2,FALSE) -> 0 | H16: New York | I16: 2 | J16: 39000 | K16: 2
A17: 16 | B17: 48 | C17: =IF(B17<=34,"young", IF(B17<=59,"middle-aged","elderly")) -> middle-aged | D17: =VLOOKUP(B17,vlookup!$A$2:$B$4,2,TRUE) -> Middle-aged | E17: Male | F17: =IF(E17="Male",1,0) -> 1 | G17: =VLOOKUP(E17,vlookup!$D$2:$E$3,2,FALSE) -> 1 | H17: Michigan | I17: 1 | J17: 61500 | K17: 2
A18: 17 | B18: 40 | C18: =IF(B18<=34,"young", IF(B18<=59,"middle-aged","elderly")) -> middle-aged | D18: =VLOOKUP(B18,vlookup!$A$2:$B$4,2,TRUE) -> Middle-aged | E18: Male | F18: =IF(E18="Male",1,0) -> 1 | G18: =VLOOKUP(E18,vlookup!$D$2:$E$3,2,FALSE) -> 1 | H18: Ohio | I18: 0 | J18: 37700 | K18: 1
A19: 18 | B19: 57 | C19: =IF(B19<=34,"young", IF(B19<=59,"middle-aged","elderly")) -> middle-aged | D19: =VLOOKUP(B19,vlookup!$A$2:$B$4,2,TRUE) -> Middle-aged | E19: Female | F19: =IF(E19="Male",1,0) -> 0 | G19: =VLOOKUP(E19,vlookup!$D$2:$E$3,2,FALSE) -> 0 | H19: Michigan | I19: 2 | J19: 36700 | K19: 4
A20: 19 | B20: 44 | C20: =IF(B20<=34,"young", IF(B20<=59,"middle-aged","elderly")) -> middle-aged | D20: =VLOOKUP(B20,vlookup!$A$2:$B$4,2,TRUE) -> Middle-aged | E20: Male | F20: =IF(E20="Male",1,0) -> 1 | G20: =VLOOKUP(E20,vlookup!$D$2:$E$3,2,FALSE) -> 1 | H20: Florida | I20: 2 | J20: 45200 | K20: 3
A21: 20 | B21: 40 | C21: =IF(B21<=34,"young", IF(B21<=59,"middle-aged","elderly")) -> middle-aged | D21: =VLOOKUP(B21,vlookup!$A$2:$B$4,2,TRUE) -> Middle-aged | E21: Male | F21: =IF(E21="Male",1,0) -> 1 | G21: =VLOOKUP(E21,vlookup!$D$2:$E$3,2,FALSE) -> 1 | H21: Michigan | I21: 0 | J21: 59000 | K21: 4
A22: 21 | B22: 21 | C22: =IF(B22<=34,"young", IF(B22<=59,"middle-aged","elderly")) -> young | D22: =VLOOKUP(B22,vlookup!$A$2:$B$4,2,TRUE) -> Young | E22: Female | F22: =IF(E22="Male",1,0) -> 0 | G22: =VLOOKUP(E22,vlookup!$D$2:$E$3,2,FALSE) -> 0 | H22: Minnesota | I22: 2 | J22: 54300 | K22: 2
A23: 22 | B23: 49 | C23: =IF(B23<=34,"young", IF(B23<=59,"middle-aged","elderly")) -> middle-aged | D23: =VLOOKUP(B23,vlookup!$A$2:$B$4,2,TRUE) -> Middle-aged | E23: Male | F23: =IF(E23="Male",1,0) -> 1 | G23: =VLOOKUP(E23,vlookup!$D$2:$E$3,2,FALSE) -> 1 | H23: New York | I23: 1 | J23: 62100 | K23: 4
... A31: 30 | B31: 48 | C31: =IF(B31<=34,"young", IF(B31<=59,"middle-aged","elderly")) -> middle-aged | D31: =VLOOKUP(B31,vlookup!$A$2:$B$4,2,TRUE) -> Middle-aged | E31: Female | F31: =IF(E31="Male",1,0) -> 0 | G31: =VLOOKUP(E31,vlookup!$D$2:$E$3,2,FALSE) -> 0 | H31: New York | I31: 2 | J31: 31000 | K31: 4

Sheet Sheet5
A3: Count of Person | B3: Column Labels
A4: Row Labels | B4: 0 | C4: 1 | D4: Grand Total
A5: 1 | B5: 5 | C5: 3 | D5: 8
A6: 2 | B6: 2 | C6: 2 | D6: 4
A7: 3 | B7: 1 | C7: 5 | D7: 6
A8: 4 | B8: 3 | C8: 4 | D8: 7
A9: 5 | B9: 1 | C9: 4 | D9: 5
A10: Grand Total | B10: 12 | C10: 18 | D10: 30
A13: Row Labels | B13: Average of Salary | D13: Row Labels | E13: Sum of Salary
A14: Female | B14: 52308.333 | D14: Female | E14: 627700
A15: Male | B15: 52233.333 | D15: Male | E15: 940200
A16: Grand Total | B16: 52263.333 | D16: Grand Total | E16: 1567900

Sheet Sheet7
A1: Row Labels | B1: Sum of Age | C1: Sum of Salary
A2: Female | B2: 504 | C2: 627700
A3: Male | B3: 773 | C3: 940200
A4: Grand Total | B4: 1277 | C4: 1567900

Sheet Sheet1
A1: Person | B1: Age | C1: Gender | D1: State | E1: Children | F1: Salary | G1: Opinion | H1: GenderCode
A2: 1 | B2: 35 | C2: Male | D2: Minnesota | E2: 1 | F2: 65400 | G2: 5 | H2: =VLOOKUP(Table1[[#This Row],[Gender]],vlookup!$D$2:$E$3,2) -> 1
A3: 2 | B3: 61 | C3: Female | D3: Texas | E3: 2 | F3: 62000 | G3: 1 | H3: =VLOOKUP(Table1[[#This Row],[Gender]],vlookup!$D$2:$E$3,2) -> 0
A4: 3 | B4: 35 | C4: Male | D4: Ohio | E4: 0 | F4: 63200 | G4: 3 | H4: =VLOOKUP(Table1[[#This Row],[Gender]],vlookup!$D$2:$E$3,2) -> 1
A5: 4 | B5: 37 | C5: Male | D5: Florida | E5: 2 | F5: 52000 | G5: 5 | H5: =VLOOKUP(Table1[[#This Row],[Gender]],vlookup!$D$2:$E$3,2) -> 1
A6: 5 | B6: 32 | C6: Female | D6: California | E6: 3 | F6: 81400 | G6: 1 | H6: =VLOOKUP(Table1[[#This Row],[Gender]],vlookup!$D$2:$E$3,2) -> 0
A7: 6 | B7: 33 | C7: Female | D7: New York | E7: 3 | F7: 46300 | G7: 5 | H7: =VLOOKUP(Table1[[#This Row],[Gender]],vlookup!$D$2:$E$3,2) -> 0
A8: 7 | B8: 65 | C8: Female | D8: Minnesota | E8: 2 | F8: 49600 | G8: 1 | H8: =VLOOKUP(Table1[[#This Row],[Gender]],vlookup!$D$2:$E$3,2) -> 0
A9: 8 | B9: 45 | C9: Male | D9: New York | E9: 1 | F9: 45900 | G9: 5 | H9: =VLOOKUP(Table1[[#This Row],[Gender]],vlookup!$D$2:$E$3,2) -> 1
A10: 9 | B10: 40 | C10: Male | D10: Texas | E10: 3 | F10: 47700 | G10: 4 | H10: =VLOOKUP(Table1[[#This Row],[Gender]],vlookup!$D$2:$E$3,2) -> 1
A11: 10 | B11: 32 | C11: Female | D11: Texas | E11: 1 | F11: 59900 | G11: 4 | H11: =VLOOKUP(Table1[[#This Row],[Gender]],vlookup!$D$2:$E$3,2) -> 0
A12: 11 | B12: 57 | C12: Male | D12: New York | E12: 1 | F12: 48100 | G12: 4 | H12: =VLOOKUP(Table1[[#This Row],[Gender]],vlookup!$D$2:$E$3,2) -> 1
A13: 12 | B13: 38 | C13: Female | D13: Virginia | E13: 0 | F13: 58100 | G13: 3 | H13: =VLOOKUP(Table1[[#This Row],[Gender]],vlookup!$D$2:$E$3,2) -> 0
... A31: 30 | B31: 48 | C31: Female | D31: New York | E31: 2 | F31: 31000 | G31: 4 | H31: =VLOOKUP(Table1[[#This Row],[Gender]],vlookup!$D$2:$E$3,2) -> 0
A32: Total | B32: =SUBTOTAL(101,Table1[Age]) -> 42.566667 | C32: =SUBTOTAL(103,Table1[Gender]) -> 30 | D32: =SUBTOTAL(103,Table1[State]) -> 30 | E32: =SUBTOTAL(109,Table1[Children]) -> 43 | F32: =SUBTOTAL(109,Table1[Salary]) -> 1567900 | G32: =SUBTOTAL(101,Table1[Opinion]) -> 2.9 | H32: =SUBTOTAL(109,Table1[GenderCode]) -> 18

Sheet vlookup
A1: Age | B1: Vlookup | D1: Gender | E1: Vlookup
A2: 0 | B2: Young | D2: Female | E2: 0
A3: 35 | B3: Middle-aged | D3: Male | E3: 1
A4: 60 | B4: Elderly

Sheet frequency table
A1: Gender | B1: Frequency | C1: Frequency1 | D1: Frequency (%)
A2: Female | B2: =COUNTIF('copy of data'!E2:E31, "Female") -> 12 | C2: =COUNTIF('copy of data'!$E$2:$E$31, 'copy of data'!E3) -> 12
A3: Male | B3: =COUNTIF('copy of data'!E2:E31, "Male") -> 18 | C3: =COUNTIF('copy of data'!$E$2:$E$31, 'copy of data'!E2) -> 18
A5: State | B5: Frequency
A6: Minnesota | B6: =COUNTIF('copy of data'!$H$2:$H$31,'frequency table'!A6) -> 3
A7: Texas | B7: =COUNTIF('copy of data'!$H$2:$H$31, 'copy of data'!H3) -> 3
A8: Ohio | B8: =COUNTIF('copy of data'!$H$2:$H$31, 'copy of data'!H4) -> 3
A9: Michigan | B9: =COUNTIF('copy of data'!$H$2:$H$31, 'copy of data'!H17) -> 4
A10: New York | B10: =COUNTIF('copy of data'!$H$2:$H$31, 'copy of data'!H16) -> 7
